codigo,nome,fechamento,valor,mensal,anual,tipo,periodo,dataBase,dataPagamento
RZAK11,FII RIZA AKN,"98,88","1,5","1,52","1,35",Rendimento,jul./22,12/08/2022,19/08/2022
BRLA11,FII BRLPROII,138,"1,09","0,79","0,52",Rendimento,jul./22,12/08/2022,19/08/2022
CORM11,FII CORE MET,"85,5","0,77","0,9","0,95",Rendimento,jul./22,12/08/2022,19/08/2022
AFOF11,FII ALIANZFF,87,"1,06","1,21","1,08",Rendimento,jul./22,12/08/2022,19/08/2022
ARCT11,FII ARCTIUM,"102,3","1,02",1,"1,4",Rendimento,jul./22,12/08/2022,19/08/2022
BLMC11,FII BLUE CRI,"85,51","1,17","1,37","1,16",Rendimento,jul./22,12/08/2022,19/08/2022
TRNT11,FII TORRE NO,114,"0,3","0,26","0,35",Rendimento,jul./22,12/08/2022,19/08/2022
AFHI11,FII AFHI CRI,"99,48","1,3","1,31","1,27",Rendimento,jul./22,12/08/2022,19/08/2022
OURE11,FII OU RENDA,"80,9","1,15","1,42","1,2",Rendimento,jul./22,12/08/2022,19/08/2022
RECX11,FII REC FOF,"71,49","0,8","1,12","0,99",Rendimento,jul./22,12/08/2022,19/08/2022
OUFF11,FII OURI FOF,"65,32","0,75","1,15","1,03",Rendimento,jul./22,12/08/2022,19/08/2022
MORE11,FII MORE RE,"69,44","0,65","0,94","0,96",Rendimento,jul./22,11/08/2022,18/08/2022
NAVT11,FII NAVI TOT,"73,71","0,85","1,15",1,Rendimento,jul./22,11/08/2022,18/08/2022
GCFF11,FII GALAPAGO,"71,69","0,76","1,06","0,98",Rendimento,jul./22,11/08/2022,18/08/2022
BLCP11,FII BLUECAP,"84,96","0,52","0,61","0,55",Rendimento,jul./22,11/08/2022,18/08/2022
MGCR11,FII MOGNO HG,86,"1,35","1,57","1,18",Rendimento,jul./22,11/08/2022,18/08/2022
GCRI11,FII GLPG CRI,"95,45","1,25","1,31","1,29",Rendimento,jul./22,11/08/2022,18/08/2022
VGIA11,FIAGRO VGIA,"10,35","0,17","1,64",0,Rendimento,jul./22,10/08/2022,17/08/2022
MGHT11,FII MOGNO HT,"64,94","0,8","1,23","0,96",Rendimento,jul./22,10/08/2022,17/08/2022
MCCI11,FII MAUA,"97,2","1,1","1,13","1,02",Rendimento,jul./22,10/08/2022,17/08/2022
VGIR11,FII VALREIII,"101,43","1,3","1,28","1,02",Rendimento,jul./22,10/08/2022,17/08/2022
VGIP11,FII VALORAIP,"93,12",1,"1,07","1,35",Rendimento,jul./22,10/08/2022,17/08/2022
CPTS11,FII CAPI SEC,"89,56","1,1","1,23","1,12",Rendimento,jul./22,10/08/2022,17/08/2022
MCHF11,FII MAUA HF,"9,52","0,12","1,26",0,Rendimento,jul./22,10/08/2022,17/08/2022
RBRF11,FII RBRALPHA,"70,89","0,6","0,85","0,84",Rendimento,jul./22,09/08/2022,16/08/2022
IBCR11,FII BREI,"90,4","1,25","1,38",0,Rendimento,jul./22,09/08/2022,16/08/2022
GAME11,FII GUARD MU,"9,86","0,13","1,32",0,Rendimento,jul./22,09/08/2022,19/08/2022
RBRY11,FII RBR PCRI,"101,59","1,35","1,33","1,13",Rendimento,jul./22,09/08/2022,16/08/2022
IBFF11,FII FOF BREI,"67,04","0,3","0,44","0,79",Rendimento,jul./22,09/08/2022,16/08/2022
IRIM11,FII IRIM,"102,24","1,65","1,61",0,Rendimento,jul./22,09/08/2022,16/08/2022
IRDM11,FII IRIDIUM,"101,87","1,33","1,3","1,15",Rendimento,jul./22,09/08/2022,16/08/2022
RVBI11,FII VBI REIT,"76,4","0,75","0,98","0,93",Rendimento,jul./22,08/08/2022,15/08/2022
CPFF11,FII CAP REIT,"69,2","0,6","0,87","0,85",Rendimento,jul./22,08/08/2022,16/08/2022
BLCA11,FII BLUE AAA,"91,49","0,51","0,55",0,Rendimento,jun./22,08/08/2022,15/08/2022
CVBI11,FII VBI CRI,"97,45",1,"1,03","1,17",Rendimento,jul./22,08/08/2022,15/08/2022
RBRP11,FII RBR PROP,"54,64","0,45","0,82","0,68",Rendimento,jul./22,05/08/2022,12/08/2022
HCTR11,FII HECTARE,"112,44","1,25","1,11","1,3",Rendimento,jul./22,05/08/2022,12/08/2022
BLMG11,FII BLUE LOG,"76,45","0,8","1,05","0,95",Rendimento,jul./22,05/08/2022,12/08/2022
FEXC11,FII EXCELLEN,"87,24","1,05","1,2","1,1",Rendimento,jul./22,05/08/2022,12/08/2022
ONEF11,FII THE ONE,"161,17","0,92","0,57","0,57",Rendimento,ago./22,05/08/2022,15/08/2022
MGLG11,FII MOGNO LG,"41,28","0,5","1,21","0,93",Rendimento,jul./22,05/08/2022,12/08/2022
DVFF11,FII DEVA FOF,"66,39","0,75","1,13",0,Rendimento,jul./22,05/08/2022,12/08/2022
BCFF11,FII BC FFII,68,"0,56","0,82","0,78",Rendimento,jul./22,05/08/2022,12/08/2022
GCRA11,FIAGRO GLPG,"102,79","1,25","1,22",0,Rendimento,jul./22,05/08/2022,12/08/2022
RCRB11,FII RIOB RC,"123,85","0,72","0,58","0,55",Rendimento,ago./22,05/08/2022,15/08/2022
FLCR11,FII FL RECEB,"98,88","1,15","1,16","1,43",Rendimento,jul./22,05/08/2022,12/08/2022
RBRL11,FII RBR LOG,"87,25","0,65","0,74","0,77",Rendimento,jul./22,05/08/2022,12/08/2022
JRDM11,FII SHOPJSUL,80,"0,61","0,76","0,63",Rendimento,jun./22,05/08/2022,12/08/2022
MBRF11,FII MERC BR,"591,81",10,"1,69","1,35",Rendimento,ago./22,05/08/2022,15/08/2022
BMLC11,FII BMBRC LC,"98,76","0,56","0,57","0,74",Rendimento,jul./22,05/08/2022,12/08/2022
BTCR11,FII BTG CRI,"97,53","1,1","1,13","1,09",Rendimento,jul./22,05/08/2022,12/08/2022
CEOC11,FII CEO CCP,"60,15","0,5","0,83","0,8",Rendimento,jul./22,05/08/2022,12/08/2022
FAED11,FII ANH EDUC,"136,9","1,53","1,12","0,93",Rendimento,jul./22,05/08/2022,12/08/2022
RBRR11,FII RBRHGRAD,"98,21","1,1","1,12","1,06",Rendimento,jul./22,05/08/2022,12/08/2022
RECR11,FII REC RECE,"96,55","1,02","1,06","1,23",Rendimento,jul./22,05/08/2022,12/08/2022
RECT11,FII REC REND,"60,53","0,5","0,83","0,78",Rendimento,jul./22,05/08/2022,12/08/2022
RELG11,FII REC LOG,80,"0,95","1,19","1,04",Rendimento,jul./22,05/08/2022,12/08/2022
VSLH11,FII VERS CRI,"9,38","0,07","0,75","1,28",Rendimento,jul./22,05/08/2022,12/08/2022
DEVA11,FII DEVANT,"98,77","1,25","1,27","1,35",Rendimento,jul./22,05/08/2022,12/08/2022
MAXR11,FII MAX RET,77,"0,66","0,86","0,78",Rendimento,jun./22,05/08/2022,12/08/2022
NCHB11,FII NCH EQI,"93,85","1,31","1,4","1,18",Rendimento,jul./22,05/08/2022,12/08/2022
XPIN11,FII XP INDL,"71,8","0,61","0,85","0,74",Rendimento,jul./22,05/08/2022,12/08/2022
BRCR11,FII BC FUND,58,"0,47","0,81","0,72",Rendimento,jun./22,05/08/2022,12/08/2022
SEQR11,FII SEQUOIA,"65,1","0,67","1,02","0,91",Rendimento,jul./22,05/08/2022,12/08/2022
BREV11,FII BRE VIC,"93,5","0,61","0,65","0,58",Rendimento,jul./22,04/08/2022,12/08/2022
FATN11,FII ATHENA I,"97,5","0,86","0,88","0,78",Rendimento,jul./22,04/08/2022,12/08/2022
FLMA11,FII S F LIMA,"117,55","0,92","0,78","0,59",Rendimento,jul./22,04/08/2022,12/08/2022
BLMR11,FII BLUE FOF,"7,2","0,07","1,04","0,97",Rendimento,jul./22,04/08/2022,12/08/2022
SCPF11,FII SCP,"5,41","0,03","0,46","0,29",Rendimento,jul./22,04/08/2022,12/08/2022
MGFF11,FII MOGNO,"59,95","0,55","0,92","0,86",Rendimento,jul./22,03/08/2022,12/08/2022
CRFF11,FII CX RBRA2,"65,5","0,59","0,9","0,75",Rendimento,jul./22,01/08/2022,10/08/2022
RBLG11,FII RBCAP LG,"86,91","0,8","0,92","0,86",Rendimento,jun./22,01/08/2022,08/08/2022
QAGR11,FII QUASAR A,"45,6","0,4","0,88","0,79",Rendimento,jun./22,01/08/2022,08/08/2022
GGRC11,FII GGRCOVEP,"105,04","0,86","0,82","0,78",Rendimento,jul./22,01/08/2022,08/08/2022
CXRI11,FII CX RBRAV,"63,07","0,55","0,87","0,77",Rendimento,jul./22,01/08/2022,10/08/2022
PLRI11,FII POLO I,N/A,"0,19",N/A,N/A,Amortização,jul./22,29/07/2022,05/08/2022
IDFI11,FII UNIDADES,N/A,"7,22",N/A,N/A,Amortização,jul./22,29/07/2022,05/08/2022
RDPD11,FII BB PAPII,N/A,"1,15",N/A,N/A,Amortização,jul./22,29/07/2022,12/08/2022
KINP11,FII EV KINEA,N/A,"0,45",N/A,N/A,Amortização,jul./22,29/07/2022,12/08/2022
RNDP11,FII BB R PAP,N/A,"61,99",N/A,N/A,Amortização,jul./22,29/07/2022,12/08/2022
RBVO11,FII RIOBCRI2,N/A,2,N/A,N/A,Amortização,jul./22,29/07/2022,08/08/2022
NVHO11,FII NOVOHORI,"10,6","0,08","0,73","0,59",Rendimento,jul./22,29/07/2022,08/08/2022
PQAG11,FII PARQ ANH,"57,05","0,42","0,74","0,66",Rendimento,jul./22,29/07/2022,12/08/2022
WPLZ11,FII W PLAZA,"68,03","0,45","0,66","0,4",Rendimento,jul./22,29/07/2022,12/08/2022
HLOG11,FII HEDGELOG,"87,3","0,65","0,74","0,68",Rendimento,jul./22,29/07/2022,12/08/2022
HGBS11,FII HEDGEBS,"181,67","1,3","0,72","0,63",Rendimento,jul./22,29/07/2022,12/08/2022
HSRE11,FII HSIRENDA,"99,98","0,63","0,63","0,6",Rendimento,jul./22,29/07/2022,12/08/2022
VIFI11,FII VINCI IF,"6,9","0,06","0,87","0,85",Rendimento,jul./22,29/07/2022,12/08/2022
SARE11,FII SANT REN,"70,21","0,65","0,93","0,87",Rendimento,jul./22,29/07/2022,12/08/2022
FIGS11,FII GEN SHOP,"48,95","0,37","0,76","0,66",Rendimento,jul./22,29/07/2022,12/08/2022
IDFI11,FII UNIDADES,"82,39","0,81","0,98",0,Rendimento,jul./22,29/07/2022,05/08/2022
VGHF11,FII VALOR HE,"9,93","0,12","1,21","1,42",Rendimento,jul./22,29/07/2022,05/08/2022
PORD11,FII POLO CRI,"97,62","1,5","1,54","1,27",Rendimento,jul./22,29/07/2022,05/08/2022
VSHO11,FII VOT SHOP,"78,59","0,6","0,76","0,77",Rendimento,jul./22,29/07/2022,08/08/2022
BLMO11,FII BLUEMAC,24999,"37,45","0,15",0,Rendimento,jul./22,29/07/2022,12/08/2022
RRCI11,FII RBCAP RI,"84,9","1,2","1,41","1,29",Rendimento,jul./22,29/07/2022,12/08/2022
RNDP11,FII BB R PAP,"329,56","3,1","0,94","0,8",Rendimento,jul./22,29/07/2022,12/08/2022
RDPD11,FII BB PAPII,"50,67","0,65","1,28","0,96",Rendimento,jul./22,29/07/2022,12/08/2022
ITIP11,FII IFI-D,"80,89","1,02","1,26","1,15",Rendimento,jul./22,29/07/2022,12/08/2022
VOTS11,FII V MASTER,90,"1,15","1,28","1,09",Rendimento,jul./22,29/07/2022,12/08/2022
PLRI11,FII POLO I,"28,25","0,25","0,88","0,91",Rendimento,jul./22,29/07/2022,05/08/2022
EURO11,FII EUROPAR,204,"1,75","0,86","0,8",Rendimento,jul./22,29/07/2022,12/08/2022
KNSC11,FII KINEA SC,"91,25","0,91",1,"1,24",Rendimento,jul./22,29/07/2022,11/08/2022
QIRI11,FII QUATA,72,"0,71","0,99","0,77",Rendimento,jul./22,29/07/2022,15/08/2022
TRXF11,FII TRX REAL,"102,54","0,85","0,83","0,82",Rendimento,jul./22,29/07/2022,12/08/2022
MFII11,FII MERITO I,"93,95","1,1","1,17","1,11",Rendimento,jul./22,29/07/2022,12/08/2022
RBVO11,FII RIOBCRI2,"11,08","0,03","0,27","0,32",Rendimento,jul./22,29/07/2022,08/08/2022
FIIB11,FII INDL BR,449,"3,5","0,78","0,74",Rendimento,jun./22,29/07/2022,10/08/2022
VVPR11,FII V2 PROP,"98,99","0,85","0,86","0,8",Rendimento,jun./22,29/07/2022,05/08/2022
NSLU11,FII LOURDES,"151,44","0,46","0,3","0,76",Rendimento,jun./22,29/07/2022,05/08/2022
LVBI11,FII VBI LOG,"98,45","0,74","0,75","0,71",Rendimento,jun./22,29/07/2022,05/08/2022
XPCM11,FII XP MACAE,"13,6","0,12","0,88","0,9",Rendimento,jul./22,29/07/2022,12/08/2022
RZAG11,FIAGRO RIZA,"10,17","0,14","1,33",0,Rendimento,jul./22,29/07/2022,12/08/2022
JFLL11,FII JFL LIV,"66,46","0,62","0,93","0,84",Rendimento,jul./22,29/07/2022,12/08/2022
PLCR11,FII PLURAL R,"82,86","1,19","1,44","1,19",Rendimento,jul./22,29/07/2022,12/08/2022
PATL11,FII PATR LOG,"72,97","0,58","0,79","0,78",Rendimento,jul./22,29/07/2022,08/08/2022
SPTW11,FII SP DOWNT,"41,5","0,4","0,96","1,02",Rendimento,jul./22,29/07/2022,05/08/2022
URPR11,FII URCA REN,"108,96","1,2","1,1","1,52",Rendimento,jul./22,29/07/2022,12/08/2022
LUGG11,FII LUGGO,"80,1","0,56","0,7","0,64",Rendimento,jul./22,29/07/2022,12/08/2022
CACR11,CARTESIA FII,"97,73","1,52","1,56","1,24",Rendimento,jul./22,29/07/2022,08/08/2022
HOSI11,FII HOUSI,66,"0,56","0,85","0,58",Rendimento,jul./22,29/07/2022,05/08/2022
JSAF11,FII JS A FIN,"79,9","0,93","1,16",0,Rendimento,jul./22,29/07/2022,12/08/2022
ARRI11,FII ATRIO,"91,64","1,31","1,43","1,35",Rendimento,jul./22,29/07/2022,05/08/2022
BARI11,FII BARIGUI,"100,34","1,4","1,4","1,21",Rendimento,jul./22,29/07/2022,19/08/2022
JGPX11,FIAGRO JGP,"98,5","0,98","0,99",0,Rendimento,jul./22,29/07/2022,12/08/2022
KNRI11,FII KINEA,136,"0,91","0,67","0,6",Rendimento,jul./22,29/07/2022,12/08/2022
KNHY11,FII KINEA HY,"98,05","1,16","1,18","1,28",Rendimento,jul./22,29/07/2022,11/08/2022
RBHY11,FII RB YIELD,"98,41","1,45","1,47","1,36",Rendimento,jul./22,29/07/2022,12/08/2022
BBIM11,FII BB RECIM,0,"0,18",0,0,Rendimento,jul./22,29/07/2022,12/08/2022
HUSI11,FII HUSI,N/A,"6,8",N/A,N/A,Rendimento,jul./22,29/07/2022,12/08/2022
EDFO11B,FII OURINVES,190,"1,68","0,88","0,7",Rendimento,jul./22,29/07/2022,10/08/2022
BBPO11,FII BB PRGII,"79,4","0,92","1,16","0,98",Rendimento,jul./22,29/07/2022,12/08/2022
YUFI11B,FII YUCA,N/A,"0,51",N/A,N/A,Rendimento,jul./22,29/07/2022,12/08/2022
EVBI11,FII VBI CON,"97,9","0,75","0,77","0,76",Rendimento,jun./22,29/07/2022,05/08/2022
ITIT11,FII IFI-E,"70,98","0,62","0,87","0,73",Rendimento,jul./22,29/07/2022,12/08/2022
VCJR11,FII VECTIS,"93,16",1,"1,07","1,32",Rendimento,jul./22,29/07/2022,11/08/2022
KNIP11,FII KINEA IP,"96,89","1,04","1,07","1,34",Rendimento,jul./22,29/07/2022,11/08/2022
KINP11,FII EV KINEA,13,"0,27","2,04",0,Rendimento,jul./22,29/07/2022,12/08/2022
JSRE11,FII JS REAL,"75,59","0,49","0,65","0,67",Rendimento,jul./22,29/07/2022,12/08/2022
HGRU11,FII CSHG URB,"119,4","0,82","0,69","0,7",Rendimento,jul./22,29/07/2022,12/08/2022
XPSF11,FII XP SELEC,"7,19","0,07","0,99","0,91",Rendimento,jul./22,29/07/2022,12/08/2022
KNCR11,FII KINEA RI,"102,49","1,15","1,12","0,83",Rendimento,jul./22,29/07/2022,11/08/2022
RNGO11,FII RIONEGRO,"46,2","0,4","0,87","0,73",Rendimento,jul./22,29/07/2022,12/08/2022
SPVJ11,FII S VAREJO,0,"0,68",0,0,Rendimento,jul./22,29/07/2022,12/08/2022
BPFF11,FII ABSOLUTO,"65,85","0,75","1,14","0,96",Rendimento,jul./22,29/07/2022,05/08/2022
HGIC11,FII HGI CRI,"106,22","1,01","0,95","0,95",Rendimento,jul./22,29/07/2022,16/08/2022
RBRS11,FII RIOB RR,"56,98","0,41","0,72","0,69",Rendimento,jul./22,29/07/2022,15/08/2022
QAMI11,FII QUASAR C,"87,9",1,"1,14","1,36",Rendimento,jul./22,29/07/2022,12/08/2022
STRX11,FII STARX,0,"0,75",0,0,Rendimento,jul./22,29/07/2022,05/08/2022
RMAI11,FII REAGMULT,"35,5","0,26","0,73","0,46",Rendimento,jul./22,29/07/2022,09/08/2022
PQDP11,FII D PEDRO,"1978,51","14,24","0,72","0,7",Rendimento,jun./22,29/07/2022,19/08/2022
XPHT11,FII XP HOT,110,"0,54","0,49","0,38",Rendimento,jul./22,29/07/2022,12/08/2022
PVBI11,FII VBI PRI,"91,42","0,56","0,61","0,62",Rendimento,jun./22,29/07/2022,05/08/2022
RBHG11,FII RBCRI IV,"86,86","1,3","1,5","1,31",Rendimento,jul./22,29/07/2022,12/08/2022
BBRC11,FII BB CORP,98,"0,99","1,01","0,92",Rendimento,jul./22,29/07/2022,12/08/2022
MFAI11,FII MERITOFA,"61,28","0,51","0,83","0,98",Rendimento,jul./22,29/07/2022,12/08/2022
ERCR11,FII ESTOQ RJ,N/A,"581,81",N/A,N/A,Amortização,jul./22,18/07/2022,25/07/2022
GCFF11,FII GALAPAGO,N/A,"0,5",N/A,N/A,Amortização,jun./22,13/07/2022,20/07/2022
IDFI11,FII UNIDADES,N/A,"3,58",N/A,N/A,Amortização,jun./22,30/06/2022,07/07/2022
KINP11,FII EV KINEA,N/A,"0,37",N/A,N/A,Amortização,jun./22,30/06/2022,14/07/2022
KEVE11,FII EVEN II,N/A,"12,93",N/A,N/A,Amortização,jun./22,30/06/2022,14/07/2022
RDPD11,FII BB PAPII,N/A,"0,69",N/A,N/A,Amortização,jun./22,30/06/2022,15/07/2022
PLRI11,FII POLO I,N/A,"0,24",N/A,N/A,Amortização,jun./22,30/06/2022,07/07/2022
KNRE11,FII KII REAL,N/A,"0,05",N/A,N/A,Amortização,jun./22,30/06/2022,14/07/2022
ERCR11,FII ESTOQ RJ,N/A,"303,5",N/A,N/A,Amortização,jun./22,17/06/2022,24/06/2022
GCFF11,FII GALAPAGO,N/A,"0,5",N/A,N/A,Amortização,mai./22,13/06/2022,21/06/2022
RDPD11,FII BB PAPII,N/A,"0,61",N/A,N/A,Amortização,mai./22,09/06/2022,17/06/2022
RNDP11,FII BB R PAP,N/A,"81,54",N/A,N/A,Amortização,mai./22,09/06/2022,17/06/2022
LFTT11,FII LOFT II,N/A,"19,55",N/A,N/A,Amortização,jun./22,08/06/2022,22/06/2022
PLRI11,FII POLO I,N/A,"0,25",N/A,N/A,Amortização,mai./22,31/05/2022,07/06/2022
IDFI11,FII UNIDADES,N/A,"3,26",N/A,N/A,Amortização,mai./22,31/05/2022,07/06/2022
ERCR11,FII ESTOQ RJ,N/A,"314,22",N/A,N/A,Amortização,mai./22,17/05/2022,24/05/2022
GCFF11,FII GALAPAGO,N/A,"0,5",N/A,N/A,Amortização,abr./22,12/05/2022,19/05/2022
PRTS11,FII MULTPROP,N/A,"0,05",N/A,N/A,Amortização,mai./22,11/05/2022,18/05/2022
KINP11,FII EV KINEA,N/A,"0,13",N/A,N/A,Amortização,abr./22,29/04/2022,13/05/2022
PLRI11,FII POLO I,N/A,"0,72",N/A,N/A,Amortização,abr./22,29/04/2022,06/05/2022
KEVE11,FII EVEN II,N/A,"16,86",N/A,N/A,Amortização,abr./22,29/04/2022,13/05/2022
IDFI11,FII UNIDADES,N/A,"6,14",N/A,N/A,Amortização,abr./22,29/04/2022,06/05/2022
ERCR11,FII ESTOQ RJ,N/A,"8,04",N/A,N/A,Amortização,abr./22,18/04/2022,26/04/2022
GCFF11,FII GALAPAGO,N/A,"0,5",N/A,N/A,Amortização,mar./22,13/04/2022,22/04/2022
IDFI11,FII UNIDADES,N/A,"4,39",N/A,N/A,Amortização,mar./22,31/03/2022,07/04/2022
KINP11,FII EV KINEA,N/A,"0,03",N/A,N/A,Amortização,mar./22,31/03/2022,14/04/2022
PLRI11,FII POLO I,N/A,"0,64",N/A,N/A,Amortização,mar./22,31/03/2022,07/04/2022
RNDP11,FII BB R PAP,N/A,200,N/A,N/A,Amortização,mar./22,23/03/2022,07/04/2022
SHOP11,FII MULTSHOP,N/A,"6,75",N/A,N/A,Amortização,fev./22,23/03/2022,30/03/2022
ERCR11,FII ESTOQ RJ,N/A,"1,64",N/A,N/A,Amortização,mar./22,17/03/2022,24/03/2022
GCFF11,FII GALAPAGO,N/A,"0,5",N/A,N/A,Amortização,fev./22,14/03/2022,21/03/2022
KINP11,FII EV KINEA,N/A,"0,14",N/A,N/A,Amortização,fev./22,25/02/2022,15/03/2022
PLRI11,FII POLO I,N/A,"0,82",N/A,N/A,Amortização,fev./22,25/02/2022,08/03/2022
IDFI11,FII UNIDADES,N/A,"2,9",N/A,N/A,Amortização,fev./22,25/02/2022,08/03/2022
KEVE11,FII EVEN II,N/A,"18,28",N/A,N/A,Amortização,fev./22,25/02/2022,15/03/2022
RBRI11,FII RBR III,N/A,"17,86",N/A,N/A,Amortização,jan./22,18/02/2022,25/02/2022
ERCR11,FII ESTOQ RJ,N/A,"360,9",N/A,N/A,Amortização,fev./22,17/02/2022,24/02/2022
GCFF11,FII GALAPAGO,N/A,1,N/A,N/A,Amortização,jan./22,11/02/2022,18/02/2022
KINP11,FII EV KINEA,N/A,"0,21",N/A,N/A,Amortização,jan./22,31/01/2022,14/02/2022
KNRE11,FII KII REAL,N/A,"0,75",N/A,N/A,Amortização,jan./22,31/01/2022,14/02/2022
IDFI11,FII UNIDADES,N/A,"1,67",N/A,N/A,Amortização,jan./22,31/01/2022,07/02/2022
PLRI11,FII POLO I,N/A,"0,42",N/A,N/A,Amortização,jan./22,31/01/2022,07/02/2022
RBRI11,FII RBR III,N/A,"17,86",N/A,N/A,Amortização,dez./21,18/01/2022,25/01/2022
ERCR11,FII ESTOQ RJ,N/A,"2,1",N/A,N/A,Amortização,jan./22,17/01/2022,24/01/2022
PLRI11,FII POLO I,N/A,"1,24",N/A,N/A,Amortização,dez./21,30/12/2021,07/01/2022
KINP11,FII EV KINEA,N/A,"0,26",N/A,N/A,Amortização,dez./21,30/12/2021,14/01/2022
IDFI11,FII UNIDADES,N/A,"0,51",N/A,N/A,Amortização,dez./21,30/12/2021,07/01/2022
KEVE11,FII EVEN II,N/A,"16,59",N/A,N/A,Amortização,dez./21,30/12/2021,14/01/2022
ERCR11,FII ESTOQ RJ,N/A,"1,7",N/A,N/A,Amortização,dez./21,17/12/2021,27/12/2021
MGLG11,FII MOGNO LG,N/A,"0,63",N/A,N/A,Amortização,nov./21,07/12/2021,28/12/2021
KINP11,FII EV KINEA,N/A,"0,19",N/A,N/A,Amortização,nov./21,30/11/2021,14/12/2021
STRX11,FII STARX,N/A,"0,34",N/A,N/A,Amortização,nov./21,30/11/2021,07/12/2021
PLRI11,FII POLO I,N/A,"0,71",N/A,N/A,Amortização,nov./21,30/11/2021,07/12/2021
ERCR11,FII ESTOQ RJ,N/A,"1,17",N/A,N/A,Amortização,nov./21,17/11/2021,24/11/2021
RDPD11,FII BB PAPII,N/A,"10,2",N/A,N/A,Amortização,nov./21,05/11/2021,24/11/2021
SPTW11,FII SP DOWNT,N/A,"1,56",N/A,N/A,Amortização,out./21,29/10/2021,08/11/2021
PLRI11,FII POLO I,N/A,"4,15",N/A,N/A,Amortização,out./21,29/10/2021,08/11/2021
ERCR11,FII ESTOQ RJ,N/A,"671,5",N/A,N/A,Amortização,out./21,18/10/2021,25/10/2021
RNDP11,FII BB R PAP,N/A,"65,13",N/A,N/A,Amortização,out./21,14/10/2021,21/10/2021
PLRI11,FII POLO I,N/A,"0,72",N/A,N/A,Amortização,set./21,30/09/2021,07/10/2021
KINP11,FII EV KINEA,N/A,"0,53",N/A,N/A,Amortização,set./21,30/09/2021,15/10/2021
GCRA11,FIAGRO GLPG,N/A,1,N/A,N/A,Amortização,mar./21,30/09/2021,15/10/2021
BLCA11,FII BLUE AAA,N/A,14,N/A,N/A,Amortização,set./21,28/09/2021,05/10/2021
ERCR11,FII ESTOQ RJ,N/A,"2,35",N/A,N/A,Amortização,set./21,17/09/2021,24/09/2021
BBIM11,FII BB RECIM,N/A,"12,21",N/A,N/A,Amortização,set./21,31/08/2021,27/09/2021
PLRI11,FII POLO I,N/A,"1,05",N/A,N/A,Amortização,ago./21,31/08/2021,08/09/2021
ERCR11,FII ESTOQ RJ,N/A,"3,61",N/A,N/A,Amortização,ago./21,17/08/2021,24/08/2021
THRA11,FII BM THERA,N/A,"9,38",N/A,N/A,Amortização,ago./21,09/08/2021,13/08/2021
PLRI11,FII POLO I,N/A,"1,46",N/A,N/A,Amortização,jul./21,30/07/2021,06/08/2021
ERCR11,FII ESTOQ RJ,N/A,"2,04",N/A,N/A,Amortização,jul./21,19/07/2021,26/07/2021
NAVT11,FII NAVI TOT,N/A,"0,25",N/A,N/A,Amortização,jun./21,14/07/2021,21/07/2021
THRA11,FII BM THERA,N/A,"84,5",N/A,N/A,Amortização,jul./21,08/07/2021,16/07/2021
PLRI11,FII POLO I,N/A,"1,64",N/A,N/A,Amortização,jun./21,30/06/2021,07/07/2021
KINP11,FII EV KINEA,N/A,"0,27",N/A,N/A,Amortização,jun./21,30/06/2021,14/07/2021
KNRE11,FII KII REAL,N/A,"0,35",N/A,N/A,Amortização,jun./21,30/06/2021,14/07/2021
RBBV11,FII JHSF FBV,N/A,100,N/A,N/A,Amortização,jun./21,29/06/2021,22/07/2021
RBBV11,FII JHSF FBV,N/A,100,N/A,N/A,Amortização,jul./21,29/06/2021,22/07/2021
ERCR11,FII ESTOQ RJ,N/A,"5,68",N/A,N/A,Amortização,jun./21,17/06/2021,24/06/2021
RDPD11,FII BB PAPII,N/A,28,N/A,N/A,Amortização,jun./21,08/06/2021,16/06/2021
PLRI11,FII POLO I,N/A,"0,7",N/A,N/A,Amortização,mai./21,31/05/2021,08/06/2021
ERCR11,FII ESTOQ RJ,N/A,"1,69",N/A,N/A,Amortização,mai./21,17/05/2021,24/05/2021
PLRI11,FII POLO I,N/A,"1,29",N/A,N/A,Amortização,abr./21,30/04/2021,07/05/2021
ERCR11,FII ESTOQ RJ,N/A,"2,5",N/A,N/A,Amortização,abr./21,19/04/2021,27/04/2021
RNDP11,FII BB R PAP,N/A,175,N/A,N/A,Amortização,abr./21,19/04/2021,05/05/2021
DMAC11,FII MAC,N/A,"33,74",N/A,N/A,Amortização,abr./21,06/04/2021,15/04/2021
KINP11,FII EV KINEA,N/A,"0,42",N/A,N/A,Amortização,mar./21,31/03/2021,15/04/2021
CXTL11,FII CX TRX,N/A,"94,83",N/A,N/A,Amortização,mar./21,31/03/2021,15/04/2021
KNRE11,FII KII REAL,N/A,"0,54",N/A,N/A,Amortização,mar./21,31/03/2021,15/04/2021
PLRI11,FII POLO I,N/A,"0,5",N/A,N/A,Amortização,mar./21,31/03/2021,08/04/2021
SPTW11,FII SP DOWNT,N/A,"10,7",N/A,N/A,Amortização,mar./21,31/03/2021,08/04/2021
HMOC11,FII HEDMOCA,N/A,"13,73",N/A,N/A,Amortização,mar./21,30/03/2021,06/04/2021
HMOC11,FII HEDMOCA,N/A,"13,95",N/A,N/A,Amortização,mar./21,22/03/2021,29/03/2021
PATC11,FII PATRIA,N/A,"14,35",N/A,N/A,Amortização,mar./21,18/03/2021,26/03/2021
ERCR11,FII ESTOQ RJ,N/A,"2,05",N/A,N/A,Amortização,mar./21,17/03/2021,24/03/2021
HMOC11,FII HEDMOCA,N/A,"13,95",N/A,N/A,Amortização,mar./21,15/03/2021,22/03/2021
HMOC11,FII HEDMOCA,N/A,"13,95",N/A,N/A,Amortização,mar./21,08/03/2021,15/03/2021
DMAC11,FII MAC,N/A,"30,79",N/A,N/A,Amortização,mar./21,05/03/2021,15/03/2021
HMOC11,FII HEDMOCA,N/A,"31,4",N/A,N/A,Amortização,mar./21,01/03/2021,08/03/2021
PLRI11,FII POLO I,N/A,"1,02",N/A,N/A,Amortização,fev./21,26/02/2021,05/03/2021
SPTW11,FII SP DOWNT,N/A,"0,55",N/A,N/A,Amortização,fev./21,26/02/2021,08/03/2021
ERCR11,FII ESTOQ RJ,N/A,"2,32",N/A,N/A,Amortização,fev./21,17/02/2021,24/02/2021
QAGR11,FII QUASAR A,N/A,38,N/A,N/A,Amortização,fev./21,10/02/2021,19/02/2021
EVBI11,FII VBI CON,N/A,"0,64",N/A,N/A,Amortização,dez./20,29/01/2021,05/02/2021
SPTW11,FII SP DOWNT,N/A,"0,55",N/A,N/A,Amortização,jan./21,29/01/2021,08/02/2021
PLRI11,FII POLO I,N/A,"1,05",N/A,N/A,Amortização,jan./21,29/01/2021,05/02/2021
ERCR11,FII ESTOQ RJ,N/A,"6,21",N/A,N/A,Amortização,jan./21,21/01/2021,29/01/2021
DMAC11,FII MAC,N/A,"49,5",N/A,N/A,Amortização,jan./21,06/01/2021,15/01/2021
KNRE11,FII KII REAL,N/A,"0,24",N/A,N/A,Amortização,dez./20,30/12/2020,15/01/2021
SPTW11,FII SP DOWNT,N/A,"0,39",N/A,N/A,Amortização,dez./20,30/12/2020,08/01/2021
PLRI11,FII POLO I,N/A,"1,27",N/A,N/A,Amortização,dez./20,30/12/2020,08/01/2021
KINP11,FII EV KINEA,N/A,"0,47",N/A,N/A,Amortização,dez./20,30/12/2020,15/01/2021
GRLV11,FII LOUVEIRA,N/A,"4,97",N/A,N/A,Amortização,dez./20,22/12/2020,28/12/2020
DMAC11,FII MAC,N/A,"23,77",N/A,N/A,Amortização,dez./20,04/12/2020,15/12/2020
SPTW11,FII SP DOWNT,N/A,"0,54",N/A,N/A,Amortização,nov./20,30/11/2020,08/12/2020
PLRI11,FII POLO I,N/A,"0,89",N/A,N/A,Amortização,nov./20,30/11/2020,07/12/2020
EVBI11,FII VBI CON,N/A,"0,53",N/A,N/A,Amortização,nov./20,30/11/2020,07/12/2020
EVBI11,FII VBI CON,N/A,"0,53",N/A,N/A,Amortização,out./20,30/11/2020,07/12/2020
GRLV11,FII LOUVEIRA,N/A,90,N/A,N/A,Amortização,nov./20,30/11/2020,07/12/2020
DMAC11,FII MAC,N/A,"40,12",N/A,N/A,Amortização,nov./20,06/11/2020,16/11/2020
SPTW11,FII SP DOWNT,N/A,"0,54",N/A,N/A,Amortização,out./20,30/10/2020,10/11/2020
KNRE11,FII KII REAL,N/A,"0,51",N/A,N/A,Amortização,out./20,30/10/2020,16/11/2020
PLRI11,FII POLO I,N/A,"1,22",N/A,N/A,Amortização,out./20,30/10/2020,09/11/2020
PRSV11,FII P VARGAS,N/A,"14,1",N/A,N/A,Amortização,out./20,29/10/2020,27/11/2020
PRSV11,FII P VARGAS,N/A,190,N/A,N/A,Amortização,out./20,29/10/2020,06/11/2020
VXXV11,FII VX XVI,N/A,"278,45",N/A,N/A,Amortização,out./20,23/10/2020,30/10/2020
DMAC11,FII MAC,N/A,"45,68",N/A,N/A,Amortização,out./20,06/10/2020,15/10/2020
HBTT11,FII HABITAT,N/A,"15,22",N/A,N/A,Amortização,set./20,30/09/2020,15/10/2020
SPTW11,FII SP DOWNT,N/A,"0,54",N/A,N/A,Amortização,set./20,30/09/2020,08/10/2020
PLRI11,FII POLO I,N/A,"1,05",N/A,N/A,Amortização,set./20,30/09/2020,07/10/2020
RNDP11,FII BB R PAP,N/A,165,N/A,N/A,Amortização,set./20,23/09/2020,26/10/2020
CPFF11,FII CAP REIT,N/A,"0,5",N/A,N/A,Amortização,ago./20,09/09/2020,17/09/2020
DMAC11,FII MAC,N/A,"29,31",N/A,N/A,Amortização,set./20,04/09/2020,15/09/2020
SPTW11,FII SP DOWNT,N/A,"0,6",N/A,N/A,Amortização,ago./20,31/08/2020,09/09/2020
PLRI11,FII POLO I,N/A,"0,79",N/A,N/A,Amortização,ago./20,31/08/2020,08/09/2020
BBIM11,FII BB RECIM,N/A,"12,21",N/A,N/A,Amortização,set./20,31/08/2020,25/09/2020
HBTT11,FII HABITAT,N/A,11,N/A,N/A,Amortização,ago./20,31/08/2020,15/09/2020
CPFF11,FII CAP REIT,N/A,"0,45",N/A,N/A,Amortização,jul./20,10/08/2020,18/08/2020
DMAC11,FII MAC,N/A,"22,67",N/A,N/A,Amortização,ago./20,06/08/2020,17/08/2020
SPTW11,FII SP DOWNT,N/A,"0,87",N/A,N/A,Amortização,jul./20,31/07/2020,10/08/2020
PLRI11,FII POLO I,N/A,"1,04",N/A,N/A,Amortização,jul./20,31/07/2020,07/08/2020
HBTT11,FII HABITAT,N/A,7,N/A,N/A,Amortização,jul./20,31/07/2020,14/08/2020
DMAC11,FII MAC,N/A,"27,05",N/A,N/A,Amortização,jul./20,06/07/2020,15/07/2020
HBTT11,FII HABITAT,N/A,11,N/A,N/A,Amortização,jun./20,30/06/2020,15/07/2020
KNRE11,FII KII REAL,N/A,"0,36",N/A,N/A,Amortização,jun./20,30/06/2020,14/07/2020